Site Name,Province,AFIAT Wave,NGO,Supplier Name,Item Name,Item Category,Item Unit,Donor Name,Batch,Expiry Date,Pack Size,Quantity,Unit Price,Currency,Total Price,Total Stock
Bamiyan PW,Bamyan,W1,AKHS,UNICEF,"Albendazole 400 mg per tablet, oral chewable tablet",Medicine ,Tablet,World Bank,1MG96,6/30/2024,100,90,3.25,USD,293,9000
Bamiyan PW,Bamyan,W1,AKHS,UNICEF,"Amoxicillin 250 mg per tablet, oral ingestion tablet",Medicine ,Tablet,UNICEF,MP21250,3/31/2024,1000,41,13.7,USD,563,41000
Bamiyan PW,Bamyan,W1,AKHS,UNICEF,"Amoxicillin 250 mg per tablet, oral ingestion tablet",Medicine ,Tablet,World Bank,MP21250,3/31/2024,1000,41,13.7,USD,563,41000
Bamiyan PW,Bamyan,W1,AKHS,UNICEF,"Amoxicillin 500 mg per tablet, oral ingestion tablet",Medicine ,Tablet,UNICEF,LD0071,1/31/2024,100,608,5.04,USD,3064,60800
Bamiyan PW,Bamyan,W1,AKHS,UNICEF,"Ampicillin 500 mg per vial, injection powder",Medicine ,Vial,UNICEF,L169400,7/31/2024,50,152,35.1,USD,5328,7600
Bamiyan PW,Bamyan,W1,AKHS,UNICEF,"Ampicillin 500 mg per vial, injection powder",Medicine ,Vial,World Bank,L169400,7/31/2024,50,152,35.1,USD,5328,7600
Bamiyan PW,Bamyan,W1,AKHS,UNICEF,"Atracurium Besylate 10 mg per milliliter, solution for injection",Medicine ,Ampoule,World Bank,224017,2/29/2024,10,52,22.2,USD,1155,520
Bamiyan PW,Bamyan,W1,AKHS,UNICEF,"Atropine sulfate 1 mg/ml, in 1 ml ampoule, injection",Medicine ,Ampoule,UNICEF,1EB01010,1/31/2024,10,22,2.31,USD,50.8,220
Bamiyan PW,Bamyan,W1,AKHS,UNICEF,"Atropine sulfate 1 mg/ml, in 1 ml ampoule, injection",Medicine ,Ampoule,World Bank,1EB01010,1/31/2024,10,22,2.31,USD,50.8,220
Bamiyan PW,Bamyan,W1,AKHS,UNICEF,"Azithromycin 250 mg per capsule, oral ingestion capsule",Medicine ,Tablet,UNICEF,1H92,7/31/2024,6,72,0.52,USD,37.4,432
Bamiyan PW,Bamyan,W1,AKHS,UNICEF,"Ceftriaxone 1 g per vial, injection powder",Medicine ,Vial,UNICEF,18U1062,3/31/2024,10,233,7.3,USD,1701,2330
Bamiyan PW,Bamyan,W1,AKHS,UNICEF,"Ceftriaxone 1 g per vial, injection powder",Medicine ,Vial,World Bank,18U1062,3/31/2024,10,233,7.3,USD,1701,2330
Bamiyan PW,Bamyan,W1,AKHS,UNICEF,Chlorhexidine conc sol 5%/Bot - 100ml,Medicine ,Bottle,World Bank,S200548,11/30/2023,1,65,3.24,USD,211,65
Bamiyan PW,Bamyan,W1,AKHS,UNICEF,"Chlorhexidine gluconate 5% solution 1L, 1 btl",Medicine ,Bottle,UNICEF,S2000548,11/30/2023,1,65,3.24,USD,211,65
Bamiyan PW,Bamyan,W1,AKHS,UNICEF,"Chlorpromazine 25 mg/ml, in 2 ml ampoule, injection solution",Medicine ,Ampoule,UNICEF,1eb01383,9/30/2023,1,75,2.02,USD,152,75
Bamiyan PW,Bamyan,W1,AKHS,UNICEF,"Chlorpromazine 25 mg/ml, in 2 ml ampoule, injection solution",Medicine ,Ampoule,World Bank,1EB01383,9/26/2023,10,75,2.02,USD,152,750
Bamiyan PW,Bamyan,W1,AKHS,UNICEF,"Clarithromycin 125 mg per 5 milliliters, oral ingestion suspension",Medicine ,Bottle,UNICEF,LR5224,9/30/2023,1,1115,4.91,USD,5475,1115
Bamiyan PW,Bamyan,W1,AKHS,UNICEF,"Cloxacillin 250 mg per capsule, oral ingestion capsule",Medicine ,Capsule,UNICEF,203131481,10/31/2023,500,11,9.18,USD,101,5500
Bamiyan PW,Bamyan,W1,AKHS,UNICEF,"Cloxacillin 250 mg per capsule, oral ingestion capsule",Medicine ,Capsule,World Bank,203131481,10/16/2023,500,11,9.18,USD,101,5500
Bamiyan PW,Bamyan,W1,AKHS,UNICEF,"Coverall, protection, Catlll type 6b L",Medical Supply,Each,UNICEF,20200715,7/31/2023,1,220,7.66,USD,1685,220
Bamiyan PW,Bamyan,W1,AKHS,UNICEF,"Ferrous sulfate 125 mg/5 ml, in 120 ml, oral ingestion liquid",Medicine ,Bottle,UNICEF,5150677,6/30/2024,1,355,0.44,USD,156,355
Bamiyan PW,Bamyan,W1,AKHS,UNICEF,"Ferrous sulfate 125 mg/5 ml, in 120 ml, oral ingestion liquid",Medicine ,Bottle,World Bank,5150877,6/30/2024,1,335,0.47,USD,157,335
Bamiyan PW,Bamyan,W1,AKHS,UNICEF,First aid kit class A,Medical Supply,Kit,UNICEF,100024211,5/31/2024,1,58,30.9,USD,1794,58
Bamiyan PW,Bamyan,W1,AKHS,UNICEF,"Fluoxetine 20 mg per capsule, oral ingestion capsule",Medicine ,Tablet,UNICEF,UFL245,7/31/2023,100,37,1.18,USD,43.7,3700
Bamiyan PW,Bamyan,W1,AKHS,UNICEF,"Fluoxetine 20 mg per capsule, oral ingestion capsule",Medicine ,Tablet,World Bank,UFL244,7/31/2023,100,110,1.17,USD,129,11000
Bamiyan PW,Bamyan,W1,AKHS,UNICEF,"Fluoxetine 20 mg per capsule, oral ingestion capsule",Medicine ,Tablet,World Bank,UFL245,7/31/2023,100,37,1.18,USD,43.7,3700
Bamiyan PW,Bamyan,W1,AKHS,UNICEF,"Furosemide 10 mg/ml, in 2 ml ampoule, injection solution",Medicine ,Ampoule,World Bank,21G28,7/31/2024,10,620,1.94,USD,1203,6200
Bamiyan PW,Bamyan,W1,AKHS,UNICEF,"Gentamicin 10 mg/ml, in 2 ml ampoule, injection solution",Medicine ,Ampoule,UNICEF,1EB02119,3/31/2024,50,181,3.44,USD,623,9050
Bamiyan PW,Bamyan,W1,AKHS,UNICEF,"Gentamicin 10 mg/ml, in 2 ml ampoule, injection solution",Medicine ,Ampoule,World Bank,1EB02119,3/31/2024,50,181,3.44,USD,623,9050
Bamiyan PW,Bamyan,W1,AKHS,UNICEF,Gloves exam latex Medium,Medical Supply,Box,UNICEF,PIA02507,2/29/2024,100,18,11.3,USD,204,1800
Bamiyan PW,Bamyan,W1,AKHS,UNICEF,Glucose hypertonic 50% 50ml inj,Medicine ,Vial,UNICEF,128010,7/31/2024,25,7,57,USD,399,175
Bamiyan PW,Bamyan,W1,AKHS,UNICEF,"Goggles, protective, indirect-side-venti",Medical Supply,Each,UNICEF,20200428,4/30/2023,1,5,2.8,USD,14,5
Bamiyan PW,Bamyan,W1,AKHS,UNICEF,"Gown, isolation, nonwoven disp. L",Medical Supply,Each,UNICEF,20200730,7/31/2023,1,230,3.35,USD,771,230
Bamiyan PW,Bamyan,W1,AKHS,UNICEF,"Gown, isolation, nonwoven disp. XL",Medical Supply,Each,UNICEF,20200730,7/31/2023,1,9,3.44,USD,31,9
Bamiyan PW,Bamyan,W1,AKHS,UNICEF,"Haloperidol 5 mg/ml, in 1 ml, injection solution",Medicine ,Ampoule,World Bank,207714,1/31/2024,10,150,4.51,USD,677,1500
Bamiyan PW,Bamyan,W1,AKHS,UNICEF,Levonorgestrel 0.75mg 2 tab blister (E-Contarceptive),Medicine ,Tablet,UNICEF,T92595E,2/29/2024,2,274,0.29,USD,79.5,548
Bamiyan PW,Bamyan,W1,AKHS,UNICEF,Levonorgestrel 0.75mg 2 tab blister (E-Contarceptive),Medicine ,Tablet,World Bank,T92595E,2/29/2024,2,274,0.29,USD,79.5,548
Bamiyan PW,Bamyan,W1,AKHS,UNICEF,Lidocaine hcl (Lignocaine) 1% inj  vial,Medicine ,Vial,UNICEF,20487010,10/31/2023,20,6,14.8,USD,89,120
Bamiyan PW,Bamyan,W1,AKHS,UNICEF,Lidocaine hcl (Lignocaine) 1% inj  vial,Medicine ,Vial,World Bank,20487010,10/28/2023,20,6,14.8,USD,89,120
Bamiyan PW,Bamyan,W1,AKHS,UNICEF,"Mask, highfil, FFP2/N95/KN95 novalve",Medical Supply,Each,UNICEF,20200630,6/30/2023,1,6,101,USD,603,6
Bamiyan PW,Bamyan,W1,AKHS,UNICEF,Mebendazole 500mg tab,Medicine ,Tablet,UNICEF,20IQ151,8/31/2023,200,486,24.4,USD,11863,97200
Bamiyan PW,Bamyan,W1,AKHS,UNICEF,Mebendazole 500mg tab,Medicine ,Tablet,UNICEF,20IQ218,8/31/2023,200,75,24,USD,1800,15000
Bamiyan PW,Bamyan,W1,AKHS,UNICEF,Mebendazole 500mg tab,Medicine ,Tablet,UNICEF,20IQ221,8/31/2023,200,101,24,USD,2424,20200
Bamiyan PW,Bamyan,W1,AKHS,UNICEF,Mebendazole 500mg tab,Medicine ,Tablet,World Bank,20IQ151,8/31/2023,200,52,24.4,USD,1270,10400
Bamiyan PW,Bamyan,W1,AKHS,UNICEF,Mebendazole 500mg tab,Medicine ,Tablet,World Bank,20IQ220,8/31/2023,200,300,24,USD,7200,60000
Bamiyan PW,Bamyan,W1,AKHS,UNICEF,"Metoclopramide 5 mg/ml, in 2 ml, injection solution",Medicine ,Ampoule,UNICEF,50503,12/31/2023,1,163,3.02,USD,492,163
Bamiyan PW,Bamyan,W1,AKHS,UNICEF,"Metoclopramide 5 mg/ml, in 2 ml, injection solution",Medicine ,Ampoule,World Bank,42509,10/31/2023,10,230,2.85,USD,656,2300
Bamiyan PW,Bamyan,W1,AKHS,UNICEF,"Metronidazole 250 mg per tablet, oral ingestion tablet",Medicine ,Tablet,UNICEF,UME1189,9/30/2023,100,146,0.86,USD,126,14600
Bamiyan PW,Bamyan,W1,AKHS,UNICEF,"Metronidazole 5 mg /ml, in 100 ml bottle, solution for infusion with set",Medicine ,Bottle,World Bank,22D06E4Y,3/31/2024,40,40,20.3,USD,811,1600
Bamiyan PW,Bamyan,W1,AKHS,UNICEF,Misoprostol 200 mcg tab,Medicine-HII,Tablet,UNICEF,45220702,6/27/2024,4,431,0.53,USD,228,1724
Bamiyan PW,Bamyan,W1,AKHS,UNICEF,Misoprostol 200 mcg tab,Medicine-HII,Tablet,UNICEF,ACE2106073,5/31/2023,4,154,0.5,USD,77,616
Bamiyan PW,Bamyan,W1,AKHS,UNICEF,Misoprostol 200 mcg tab,Medicine-HII,Tablet,World Bank,ACE2112118,11/30/2023,4,640,0.53,USD,339,2560
Bamiyan PW,Bamyan,W1,AKHS,UNICEF,Multi-micronutrient Sach pwd,Medicine ,Sachet,UNICEF,X0920344,10/31/2023,30,419,0.45,USD,189,12570
Bamiyan PW,Bamyan,W1,AKHS,UNICEF,Multi-micronutrient tab For Pregnant & Lactation Women  tab,Medicine ,Tablet,UNICEF,TJ0362,9/30/2023,1000,119,12.2,USD,1451,119000
Bamiyan PW,Bamyan,W1,AKHS,UNICEF,"Oral rehydration salts (ORS) 20.5 g per litre, oral powder",Medicine ,Sachet,UNICEF,X0521064,7/31/2024,10,103,0.42,USD,43.3,1030
Bamiyan PW,Bamyan,W1,AKHS,UNICEF,"Paracetamol (Acetaminophen) 120 mg per 5 milliliters, oral syrup, 60ml",Medicine ,Bottle,UNICEF,2H01965,7/1/2024,1,5394,0.23,USD,1241,5394
Bamiyan PW,Bamyan,W1,AKHS,UNICEF,"Penicillin benzyl benzathine 2.4 MU per vial, injection vial",Medicine ,Vial,UNICEF,J2103201,2/29/2024,50,11,23.8,USD,262,550
Bamiyan PW,Bamyan,W1,AKHS,UNICEF,"Penicillin benzyl benzathine 2.4 MU per vial, injection vial",Medicine ,Vial,World Bank,J2103201,2/29/2024,50,11,23.8,USD,262,550
Bamiyan PW,Bamyan,W1,AKHS,UNICEF,Permethrin Shampoo 1% Solution,Medicine ,Bottle,UNICEF,B859A,9/1/2023,1,696,1,USD,696,696
Bamiyan PW,Bamyan,W1,AKHS,UNICEF,"Salbutamol 0.1 mg per dose, in 200 dose bottle, inhalation solution",Medicine ,Inhaler,UNICEF,008P177A,10/31/2023,1,127,1.28,USD,163,127
Bamiyan PW,Bamyan,W1,AKHS,UNICEF,"Silver sulfadiazine 1%, topical cream 50g",Medicine ,Tube,UNICEF,5149866,8/31/2023,1,315,0.54,USD,170,315
Bamiyan PW,Bamyan,W1,AKHS,UNICEF,Sulfamethoxazole 100 mg + trimethoprim 20 mg (co-trimoxazole) per tablet,Medicine ,Tablet,UNICEF,MG20681,9/30/2023,100,61,2.06,USD,126,6100
Bamiyan PW,Bamyan,W1,AKHS,UNICEF,"Suxamethonium 50 mg/ml, in 2 ml ampoule, injection solution",Medicine ,Vial,World Bank,141135,1/31/2024,10,11,7.63,USD,83.9,110
Bamiyan PW,Bamyan,W1,AKHS,UNICEF,"Suxamethonium 50 mg/ml, in 2 ml ampoule, injection solution",Medicine ,Vial,World Bank,141135,1/31/2024,100,11,7.63,USD,83.9,1100
Ghazni PW,Ghazni,W2,JACK,UNICEF,"Atracurium Besylate 10 mg per milliliter, solution for injection",Medicine ,Ampoule,UNICEF,204017,2/29/2024,10,21,22.2,USD,466,420
Ghor PW,Ghor,W2,BARAN,UNICEF,"Adrenaline (Epinephrine) 0.1% in 1 ml ampoule, injection solution",Medicine ,Ampoule,UNICEF,2107443,3/31/2024,10,71,3.85,AFN,273,270
Ghor PW,Ghor,W2,BARAN,UNICEF,"Adrenaline (Epinephrine) 0.1% in 1 ml ampoule, injection solution",Medicine ,Ampoule,UNICEF,2107443,3/31/2024,10,71,3.85,USD,273,90
Ghor PW,Ghor,W2,BARAN,UNICEF,"Adrenaline (Epinephrine) 0.1% in 1 ml ampoule, injection solution",Medicine ,Ampoule,UNICEF,2107443,3/31/2024,10,115,3.85,USD,443,1150
Ghor PW,Ghor,W2,BARAN,UNICEF,"Albendazole 400 mg per tablet, oral chewable tablet",Medicine ,Tablet,UNICEF,1MG96,6/30/2024,100,130,3.25,AFN,423,37600
Ghor PW,Ghor,W2,BARAN,UNICEF,"Albendazole 400 mg per tablet, oral chewable tablet",Medicine ,Tablet,UNICEF,1MG96,6/30/2024,100,130,3.25,USD,423,9400
Ghor PW,Ghor,W2,BARAN,UNICEF,"Atracurium Besylate 10 mg per milliliter, solution for injection",Medicine ,Ampoule,UNICEF,204017,2/29/2024,10,73,22.2,USD,1621,1460
Ghor PW,Ghor,W2,BARAN,UNICEF,"AWD, Periphery Kit Drug",Others,Each,UNICEF,100027030,6/30/2024,1,1,852,USD,852,1
Ghor PW,Ghor,W2,BARAN,UNICEF,"AWD, Periphery kit, Logistic Part",Others,Each,UNICEF,100026507,5/31/2024,1,2,1112,USD,2224,2
Ghor PW,Ghor,W2,BARAN,UNICEF,"AWD, Periphery kit, Renewable",Others,Each,UNICEF,100024237,3/31/2023,1,10,544,USD,5442,10
Ghor PW,Ghor,W2,BARAN,UNICEF,"Calcium gluconate 10% in 10 ml ampoule, injection ampoule",Medicine ,Ampoule,UNICEF,2103936,5/31/2024,10,71,4.85,AFN,344,4920
Ghor PW,Ghor,W2,BARAN,UNICEF,"Calcium gluconate 10% in 10 ml ampoule, injection ampoule",Medicine ,Ampoule,UNICEF,2103936,5/31/2024,10,71,4.85,USD,344,410
Ghor PW,Ghor,W2,BARAN,UNICEF,"Catheter,Foley,CH10,Sterile,disposible",Medical Supply,Each,UNICEF,201907,6/30/2024,1,14,0.42,USD,5.88,14
Ghor PW,Ghor,W2,BARAN,UNICEF,"Catheter,Foley,CH12,Sterile,disposible",Medical Supply,Each,UNICEF,R21B501,1/31/2024,1,14,0.28,USD,3.92,14
Ghor PW,Ghor,W2,BARAN,UNICEF,"Ceftriaxone 1 g per vial, injection powder",Medicine ,Vial,UNICEF,18U2758,7/31/2024,10,1111,7.3,AFN,8110,20860
Ghor PW,Ghor,W2,BARAN,UNICEF,"Ceftriaxone 1 g per vial, injection powder",Medicine ,Vial,UNICEF,18U2758,7/31/2024,10,1111,7.3,USD,8110,10430
Ghor PW,Ghor,W2,BARAN,UNICEF,Chlorhexidine 5% 100ml,Medicine ,Bottle,UNICEF,S2000481,8/31/2023,1,32,0.5,USD,16,32
Ghor PW,Ghor,W2,BARAN,UNICEF,"Coverall, protection, Catlll type 6b L",Medical Supply,Each,UNICEF,20200715,7/31/2023,1,200,7.66,USD,1532,200
Ghor PW,Ghor,W2,BARAN,UNICEF,"Coverall, protection, Catlll type 6b L",Medical Supply,Each,UNICEF,20200730,7/31/2023,1,150,7.66,USD,1149,150
Ghor PW,Ghor,W2,BARAN,UNICEF,"Coverall, protection, Catlll type 6b M",Medical Supply,Each,UNICEF,20200530,5/31/2023,1,2,8,USD,16,2
Ghor PW,Ghor,W2,BARAN,UNICEF,"Coverall, protection, Catlll type 6b M",Medical Supply,Each,UNICEF,20200630,6/30/2023,1,250,7.82,USD,1955,250
Ghor PW,Ghor,W2,BARAN,UNICEF,"Coverall, protection, Catlll type 6b XL",Medical Supply,Each,UNICEF,20200630,6/30/2023,1,500,7.61,USD,3805,500
Ghor PW,Ghor,W2,BARAN,UNICEF,"Coverall, protection, Catlll type 6b XL",Medical Supply,Each,UNICEF,20200715,7/31/2023,1,2,8,USD,16,2
Ghor PW,Ghor,W2,BARAN,UNICEF,"Digoxin 0.25 mg per tablet, oral ingestion tablet",Medicine ,Tablet,UNICEF,GQ21001,1/31/2024,28,11,1.54,USD,16.9,308
Ghor PW,Ghor,W2,BARAN,UNICEF,"Dopamine 40 mg per milliliter, in 5 ml solution for injection",Medicine ,Ampoule,UNICEF,136335,5/31/2024,10,1,24,AFN,24,5
Ghor PW,Ghor,W2,BARAN,UNICEF,"Dopamine 40 mg per milliliter, in 5 ml solution for injection",Medicine ,Ampoule,UNICEF,136335,5/31/2024,10,1,24,USD,24,5
Ghor PW,Ghor,W2,BARAN,UNICEF,"Fluoxetine 20 mg per capsule, oral ingestion capsule",Medicine ,Tablet,UNICEF,UFL244,7/31/2023,100,195,1.17,AFN,228,25000
Ghor PW,Ghor,W2,BARAN,UNICEF,"Fluoxetine 20 mg per capsule, oral ingestion capsule",Medicine ,Tablet,UNICEF,UFL244,7/31/2023,100,195,1.17,USD,228,12500
Ghor PW,Ghor,W2,BARAN,UNICEF,"Furosemide 10 mg/ml, in 2 ml ampoule, injection solution",Medicine ,Ampoule,UNICEF,21G27,7/31/2024,10,160,1.94,AFN,310,5670
Ghor PW,Ghor,W2,BARAN,UNICEF,"Furosemide 10 mg/ml, in 2 ml ampoule, injection solution",Medicine ,Ampoule,UNICEF,21G27,7/31/2024,10,160,1.94,USD,310,810
Ghor PW,Ghor,W2,BARAN,UNICEF,"Furosemide 10 mg/ml, in 2 ml ampoule, injection solution",Medicine ,Ampoule,UNICEF,21G28,7/31/2024,10,930,1.94,USD,1804,9300
Ghor PW,Ghor,W2,BARAN,UNICEF,"Gentamicin 10 mg/ml, in 2 ml ampoule, injection solution",Medicine ,Ampoule,UNICEF,1EB05145,3/31/2024,50,120,3.44,AFN,413,101250
Ghor PW,Ghor,W2,BARAN,UNICEF,"Gentamicin 10 mg/ml, in 2 ml ampoule, injection solution",Medicine ,Ampoule,UNICEF,1EB05145,3/31/2024,50,120,3.44,USD,413,3750
Ghor PW,Ghor,W2,BARAN,UNICEF,Glyceryl Trinitrate 500mcg tab,Medicine ,Tablet,UNICEF,GF943,3/31/2024,100,19,3.94,USD,74.9,1900
Ghor PW,Ghor,W2,BARAN,UNICEF,"Goggles, protective, indirect-side-venti",Medical Supply,Each,UNICEF,20200428,4/30/2023,1,1,3,USD,3,1
Ghor PW,Ghor,W2,BARAN,UNICEF,"Goggles, protective, indirect-side-venti",Medical Supply,Each,UNICEF,20200428,4/30/2023,1,500,2.78,USD,1390,500
Ghor PW,Ghor,W2,BARAN,UNICEF,"Gown, isolation, nonwoven disp. L",Medical Supply,Each,UNICEF,20200715,7/31/2023,1,700,3.35,USD,2345,700
Ghor PW,Ghor,W2,BARAN,UNICEF,"Gown, isolation, nonwoven disp. L",Medical Supply,Each,UNICEF,20200730,7/31/2023,1,300,3.35,USD,1005,300
Ghor PW,Ghor,W2,BARAN,UNICEF,"Gown, isolation, nonwoven disp. XL",Medical Supply,Each,UNICEF,20200715,7/31/2023,1,1000,3.35,USD,3350,1000
Ghor PW,Ghor,W2,BARAN,UNICEF,"Gown, isolation, nonwoven disp. XL",Medical Supply,Each,UNICEF,20200730,7/31/2023,1,10,3.4,USD,34,10
Ghor PW,Ghor,W2,BARAN,UNICEF,"Gown, surgic, nonsterile, nonwoven",Medical Supply,Each,UNICEF,20200730,7/31/2023,1,10,5.1,USD,51,10
Ghor PW,Ghor,W2,BARAN,UNICEF,"Haloperidol 5 mg/ml, in 1 ml, injection solution",Medicine ,Ampoule,UNICEF,207714,1/31/2024,10,230,4.51,USD,1037,2300
Ghor PW,Ghor,W2,BARAN,UNICEF,"Mask, highfil, FFP2/N95/KN95 novalve",Medical Supply,Each,UNICEF,20200630,6/30/2023,10,7,100,USD,703,70
Ghor PW,Ghor,W2,BARAN,UNICEF,"Mask, surgic, typeIIR, ear loop disp.",Medical Supply,Each,UNICEF,20200715,9/30/2023,50,1500,17,USD,25440,75000
Ghor PW,Ghor,W2,BARAN,UNICEF,"Mask, surgic, typeIIR, ear loop disp.",Medical Supply,Each,UNICEF,2081597NW,6/30/2023,50,200,17,AFN,3392,27900
Ghor PW,Ghor,W2,BARAN,UNICEF,"Mask, surgic, typeIIR, ear loop disp.",Medical Supply,Each,UNICEF,2081597NW,6/30/2023,50,200,17,USD,3392,9300
Ghor PW,Ghor,W2,BARAN,UNICEF,Mebendazole 500mg tab,Medicine ,Tablet,UNICEF,00IQ220,8/31/2023,200,440,24,AFN,10560,1539000
Ghor PW,Ghor,W2,BARAN,UNICEF,Mebendazole 500mg tab,Medicine ,Tablet,UNICEF,00IQ220,8/31/2023,200,440,24,USD,10560,57000
Ghor PW,Ghor,W2,BARAN,UNICEF,Mebendazole 500mg tab,Medicine ,Tablet,UNICEF,20JQ052,9/30/2023,200,264,24,USD,6336,52800
Ghor PW,Ghor,W2,BARAN,UNICEF,"Metoclopramide 5 mg/ml, in 2 ml, injection solution",Medicine ,Ampoule,UNICEF,42509,10/31/2023,10,340,2.85,AFN,969,28420
Ghor PW,Ghor,W2,BARAN,UNICEF,"Metoclopramide 5 mg/ml, in 2 ml, injection solution",Medicine ,Ampoule,UNICEF,42509,10/31/2023,10,340,2.85,USD,969,580
Ghor PW,Ghor,W2,BARAN,UNICEF,"Metronidazole 5 mg /ml, in 100 ml bottle, solution for infusion with set",Medicine ,Bottle,UNICEF,22D04E4U,3/31/2024,50,60,20.3,AFN,1217,2980
Ghor PW,Ghor,W2,BARAN,UNICEF,"Metronidazole 5 mg /ml, in 100 ml bottle, solution for infusion with set",Medicine ,Bottle,UNICEF,22D04E4U,3/31/2024,50,60,20.3,USD,1217,1490
Ghor PW,Ghor,W2,BARAN,UNICEF,Misoprostol 200 mcg tab,Medicine-HII,Tablet,UNICEF,45220801,7/31/2024,4,647,0.53,USD,343,2588
Ghor PW,Ghor,W2,BARAN,UNICEF,Misoprostol 200 mcg tab,Medicine-HII,Tablet,UNICEF,45220805,7/31/2024,4,1773,0.53,USD,940,7092
Ghor PW,Ghor,W2,BARAN,UNICEF,Misoprostol 200 mcg tab,Medicine-HII,Tablet,UNICEF,ACE2112118,11/30/2023,4,950,0.53,AFN,504,67620
Ghor PW,Ghor,W2,BARAN,UNICEF,Misoprostol 200 mcg tab,Medicine-HII,Tablet,UNICEF,ACE2112118,11/30/2023,4,950,0.53,USD,504,2940
Ghor PW,Ghor,W2,BARAN,UNICEF,"Neostigmine methylsulfate 2.5mg per milliliter, solution for injection",Medicine ,Ampoule,UNICEF,103024,2/29/2024,10,84,9.88,USD,830,840
Ghor PW,Ghor,W2,BARAN,UNICEF,"Penicillin benzyl benzathine 2.4 MU per vial, injection vial",Medicine ,Vial,UNICEF,J2103202,2/29/2024,50,24,23.8,AFN,572,2400
Ghor PW,Ghor,W2,BARAN,UNICEF,"Penicillin benzyl benzathine 2.4 MU per vial, injection vial",Medicine ,Vial,UNICEF,J2103202,2/29/2024,50,24,23.8,USD,572,400
Ghor PW,Ghor,W2,BARAN,UNICEF,Permethrin Shampoo 1% Solution,Medicine ,Bottle,UNICEF,B860A,9/30/2023,1,1044,1,AFN,1044,14518
Ghor PW,Ghor,W2,BARAN,UNICEF,Permethrin Shampoo 1% Solution,Medicine ,Bottle,UNICEF,B860A,9/30/2023,1,1044,1,USD,1044,854
Ghor PW,Ghor,W2,BARAN,UNICEF,"Propofol 10 mg per milliliter, in 20 ml, solution for infusion",Medicine ,Ampoule,UNICEF,22136051,3/31/2024,5,5,7.6,USD,38,25
Ghor PW,Ghor,W2,BARAN,UNICEF,"Propofol 10 mg per milliliter, in 20 ml, solution for infusion",Medicine ,Ampoule,UNICEF,22136051,3/31/2024,5,110,7.57,USD,833,550
Ghor PW,Ghor,W2,BARAN,UNICEF,"Suxamethonium 50 mg/ml, in 2 ml ampoule, injection solution",Medicine ,Vial,UNICEF,141135,1/31/2024,1,36,8.19,USD,295,36
Ghor PW,Ghor,W2,BARAN,UNICEF,"Suxamethonium 50 mg/ml, in 2 ml ampoule, injection solution",Medicine ,Vial,UNICEF,141135,1/31/2024,10,34,7.61,AFN,259,320
Ghor PW,Ghor,W2,BARAN,UNICEF,"Suxamethonium 50 mg/ml, in 2 ml ampoule, injection solution",Medicine ,Vial,UNICEF,141135,1/31/2024,10,34,7.61,USD,259,320
Helmand PW,Helmand,W2,OHPM,UNICEF,"Acetylsalicylic acid (aspirin) 75 mg per tablet, oral ingestion tablet",Medicine ,Tablet,World Bank,D20022,1/12/2024,10,7156,0.2,USD,1431,71560
Helmand PW,Helmand,W2,OHPM,UNICEF,"Acetylsalicylic acid (aspirin) 75 mg per tablet, oral ingestion tablet",Medicine ,Tablet,,D20021,1/1/2024,28,1350,0.21,USD,284,37800
Helmand PW,Helmand,W2,OHPM,UNICEF,"Adrenaline (Epinephrine) 0.1% in 1 ml ampoule, injection solution",Medicine ,Ampoule,World Bank,2107443,3/31/2024,10,70,3.85,USD,270,1400
Helmand PW,Helmand,W2,OHPM,UNICEF,"Adrenaline (Epinephrine) 0.1% in 1 ml ampoule, injection solution",Medicine ,Ampoule,World Bank,2107443,3/31/2024,10,216,3.85,USD,832,2160
Helmand PW,Helmand,W2,OHPM,UNICEF,"Albendazole 400 mg per tablet, oral chewable tablet",Medicine ,Tablet,UNICEF,1MG96,6/30/2024,100,260,3.25,USD,845,26000
Helmand PW,Helmand,W2,OHPM,UNICEF,"Albendazole 400 mg per tablet, oral chewable tablet",Medicine ,Tablet,World Bank,1MG96,6/30/2024,100,253,3.25,USD,822,50600
Helmand PW,Helmand,W2,OHPM,UNICEF,"Ampicillin 500 mg per vial, injection powder",Medicine ,Vial,World Bank,L169401,7/20/2024,50,428,35.1,USD,15001,21400
Helmand PW,Helmand,W2,OHPM,UNICEF,"Atracurium Besylate 10 mg per milliliter, solution for injection",Medicine ,Ampoule,World Bank,204017,2/29/2024,10,143,22.2,USD,3175,1430
Helmand PW,Helmand,W2,OHPM,UNICEF,"Atropine sulfate 1 mg/ml, in 1 ml ampoule, injection",Medicine ,Ampoule,World Bank,1EB01010,1/6/2024,10,61,2.31,USD,141,610
Helmand PW,Helmand,W2,OHPM,UNICEF,"AWD, Periphery Kit Drug",Others,Each,UNICEF,100024460,12/31/2023,1,2,611,USD,1221,2
Helmand PW,Helmand,W2,OHPM,UNICEF,"AWD, Periphery kit, Renewable",Others,Each,UNICEF,100024237,3/31/2023,1,10,544,USD,5442,10
Helmand PW,Helmand,W2,OHPM,UNICEF,"Azithromycin 250 mg per capsule, oral ingestion capsule",Medicine ,Tablet,World Bank,1H92,7/31/2024,6,203,0.52,USD,106,1218
Helmand PW,Helmand,W2,OHPM,UNICEF,"Calcium gluconate 10% in 10 ml ampoule, injection ampoule",Medicine ,Ampoule,World Bank,2103936,5/31/2024,1,18,4.88,USD,87.8,18
Helmand PW,Helmand,W2,OHPM,UNICEF,"Calcium gluconate 10% in 10 ml ampoule, injection ampoule",Medicine ,Ampoule,World Bank,2103936,5/31/2024,10,71,4.86,USD,345,710
Helmand PW,Helmand,W2,OHPM,UNICEF,"Catheter,Foley,CH10,Sterile,disposible",Medical Supply,Each,World Bank,201907,6/30/2024,1,14,0.43,USD,6.02,14
Helmand PW,Helmand,W2,OHPM,UNICEF,"Catheter,Foley,CH12,Sterile,disposible",Medical Supply,Each,World Bank,R21B501,1/31/2024,1,14,0.29,USD,4.06,14
Helmand PW,Helmand,W2,OHPM,UNICEF,"Ceftriaxone 1 g per vial, injection powder",Medicine ,Vial,World Bank,18U2758,7/31/2024,10,1111,7.3,USD,8110,11110
Helmand PW,Helmand,W2,OHPM,UNICEF,"Ceftriaxone 1 g per vial, injection powder",Medicine ,Vial,World Bank,18X2029,4/30/2024,10,275,7.3,USD,2008,2750
Helmand PW,Helmand,W2,OHPM,UNICEF,Chlorhexidine 5% 100ml,Medicine ,Bottle,World Bank,S2000481,8/31/2023,1,32,0.5,USD,16,32
Helmand PW,Helmand,W2,OHPM,UNICEF,"Chlorphenamine maleate 2 mg per 5 milliliters, oral syrup",Medicine ,Bottle,World Bank,2164,8/16/2024,1,358,3.63,USD,1300,358
Helmand PW,Helmand,W2,OHPM,UNICEF,"Chlorpromazine 25 mg/ml, in 2 ml ampoule, injection solution",Medicine ,Ampoule,World Bank,1EB01383,9/26/2023,10,211,2.02,USD,426,2110
Helmand PW,Helmand,W2,OHPM,UNICEF,"Ciprofloxacin 250 mg per tablet, oral ingestion tablet",Medicine ,Tablet,World Bank,K21,10/31/2023,10,7883,0.26,USD,2050,78830
Helmand PW,Helmand,W2,OHPM,UNICEF,"Cloxacillin 250 mg per capsule, oral ingestion capsule",Medicine ,Capsule,World Bank,203131481,10/16/2023,500,31,9.13,USD,283,15500
Helmand PW,Helmand,W2,OHPM,UNICEF,"Coverall, protection, Catlll type 6b L",Medical Supply,Each,UNICEF,20200730,7/31/2023,1,300,7.66,USD,2298,300
Helmand PW,Helmand,W2,OHPM,UNICEF,"Coverall, protection, Catlll type 6b L",Medical Supply,Each,World Bank,20200730,7/29/2023,1,580,7.66,USD,4443,580
Helmand PW,Helmand,W2,OHPM,UNICEF,"Coverall, protection, Catlll type 6b M",Medical Supply,Each,UNICEF,20200630,6/30/2023,1,350,7.82,USD,2737,350
Helmand PW,Helmand,W2,OHPM,UNICEF,"Coverall, protection, Catlll type 6b M",Medical Supply,Each,World Bank,20200630,6/29/2023,1,600,7.82,USD,4692,600
Helmand PW,Helmand,W2,OHPM,UNICEF,"Coverall, protection, Catlll type 6b XL",Medical Supply,Each,UNICEF,20200630,6/30/2023,1,750,7.61,USD,5708,750
Helmand PW,Helmand,W2,OHPM,UNICEF,"Coverall, protection, Catlll type 6b XL",Medical Supply,Each,World Bank,20200630,6/29/2023,1,1200,7.61,USD,9132,1200
Helmand PW,Helmand,W2,OHPM,UNICEF,"Digoxin 0.25 mg per tablet, oral ingestion tablet",Medicine ,Tablet,World Bank,GQ21001,1/31/2024,28,20,1.5,USD,30,560
Helmand PW,Helmand,W2,OHPM,UNICEF,"Dopamine 40 mg per milliliter, in 5 ml solution for injection",Medicine ,Ampoule,World Bank,136335,5/31/2024,10,2,24,USD,48,20
Helmand PW,Helmand,W2,OHPM,UNICEF,"Ferrous sulfate 125 mg/5 ml, in 120 ml, oral ingestion liquid",Medicine ,Bottle,World Bank,5150877,6/30/2024,1,941,0.47,USD,442,941
Helmand PW,Helmand,W2,OHPM,UNICEF,"Fluoxetine 20 mg per capsule, oral ingestion capsule",Medicine ,Tablet,UNICEF,UFL243,7/31/2023,100,400,1.17,USD,468,40000
Helmand PW,Helmand,W2,OHPM,UNICEF,"Fluoxetine 20 mg per capsule, oral ingestion capsule",Medicine ,Tablet,World Bank,UFL244,7/31/2023,100,335,1.17,USD,392,33500
Helmand PW,Helmand,W2,OHPM,UNICEF,"Fluoxetine 20 mg per capsule, oral ingestion capsule",Medicine ,Tablet,World Bank,UFL245,7/31/2023,100,103,1.17,USD,121,10300
Helmand PW,Helmand,W2,OHPM,UNICEF,"Furosemide 10 mg/ml, in 2 ml ampoule, injection solution",Medicine ,Ampoule,UNICEF,21G27,7/31/2024,1,95,1.94,USD,184,95
Helmand PW,Helmand,W2,OHPM,UNICEF,"Furosemide 10 mg/ml, in 2 ml ampoule, injection solution",Medicine ,Ampoule,World Bank,20n04,12/31/2023,10,1730,1.94,USD,3356,17300
Helmand PW,Helmand,W2,OHPM,UNICEF,"Furosemide 10 mg/ml, in 2 ml ampoule, injection solution",Medicine ,Ampoule,World Bank,20N04,12/31/2023,10,1730,1.94,USD,3356,17300
Helmand PW,Helmand,W2,OHPM,UNICEF,"Furosemide 20 mg per tablet, oral ingestion tablet",Medicine ,Tablet,World Bank,UFL244,7/31/2023,100,335,1.17,USD,392,33500
Helmand PW,Helmand,W2,OHPM,UNICEF,"Gentamicin 10 mg/ml, in 2 ml ampoule, injection solution",Medicine ,Ampoule,World Bank,1EB05145,3/31/2024,50,225,3.44,USD,774,11250
Helmand PW,Helmand,W2,OHPM,UNICEF,"Gentamicin 10 mg/ml, in 2 ml ampoule, injection solution",Medicine ,Ampoule,World Bank,OEB33551,12/21/2023,50,508,3.44,USD,1748,25400
Helmand PW,Helmand,W2,OHPM,UNICEF,Gloves exam latex Medium,Medical Supply,Box,World Bank,PIA02507,2/28/2024,100,280,11.3,USD,3170,28000
Helmand PW,Helmand,W2,OHPM,UNICEF,Glyceryl Trinitrate 500mcg tab,Medicine ,Tablet,World Bank,GF943,3/31/2024,100,90,3.92,USD,353,9000
Helmand PW,Helmand,W2,OHPM,UNICEF,"Goggles, protective, indirect-side-venti",Medical Supply,Each,UNICEF,20200428,4/30/2023,1,750,2.78,USD,2085,750
Helmand PW,Helmand,W2,OHPM,UNICEF,"Goggles, protective, indirect-side-venti",Medical Supply,Each,World Bank,20200428,4/30/2023,1,1000,2.78,USD,2780,1000
Helmand PW,Helmand,W2,OHPM,UNICEF,"Gown, isolation, nonwoven disp. L",Medical Supply,Each,UNICEF,20200715,7/31/2023,1,1100,3.35,USD,3685,1100
Helmand PW,Helmand,W2,OHPM,UNICEF,"Gown, isolation, nonwoven disp. L",Medical Supply,Each,World Bank,20200630,6/29/2023,1,465,3.35,USD,1558,465
Helmand PW,Helmand,W2,OHPM,UNICEF,"Gown, isolation, nonwoven disp. L",Medical Supply,Each,World Bank,20200730,7/29/2023,1,5515,3.35,USD,18475,5515
Helmand PW,Helmand,W2,OHPM,UNICEF,"Gown, isolation, nonwoven disp. XL",Medical Supply,Each,UNICEF,20200715,7/31/2023,1,1500,3.35,USD,5025,1500
Helmand PW,Helmand,W2,OHPM,UNICEF,"Gown, isolation, nonwoven disp. XL",Medical Supply,Each,World Bank,20200715,7/14/2023,1,2560,3.35,USD,8576,2560
Helmand PW,Helmand,W2,OHPM,UNICEF,"Gown, surgic, nonsterile, nonwoven",Medical Supply,Each,World Bank,20200730,7/29/2023,1,240,5.01,USD,1202,240
Helmand PW,Helmand,W2,OHPM,UNICEF,"Haloperidol 5 mg/ml, in 1 ml, injection solution",Medicine ,Ampoule,World Bank,15BH0920,9/30/2023,10,450,4.51,USD,2030,9000
Helmand PW,Helmand,W2,OHPM,UNICEF,"Ibuprofen 200 mg per tablet, oral ingestion tablet",Medicine ,Tablet,UNICEF,UBN113,7/31/2024,100,4514,0.91,USD,4108,451400
Helmand PW,Helmand,W2,OHPM,UNICEF,Levonorgestrel 0.75mg 2 tab blister (E-Contarceptive),Medicine ,Tablet,World Bank,T8B772Z,11/30/2023,2,771,0.29,USD,224,1542
Helmand PW,Helmand,W2,OHPM,UNICEF,Lidocaine hcl (Lignocaine) 2% inj  20ml,Medicine ,Vial,World Bank,20487010,10/28/2023,20,18,14.8,USD,266,360
Helmand PW,Helmand,W2,OHPM,UNICEF,"Mask, highfil, FFP2/N95/KN95 novalve",Medical Supply,Each,World Bank,20200630,6/29/2023,20,3,101,USD,302,60
Helmand PW,Helmand,W2,OHPM,UNICEF,"Mask, surgic, typeIIR, ear loop disp.",Medical Supply,Each,UNICEF,20200715,7/31/2023,50,2500,17,USD,42400,125000
Helmand PW,Helmand,W2,OHPM,UNICEF,"Mask, surgic, typeIIR, ear loop disp.",Medical Supply,Each,World Bank,208157NWL,6/27/2023,50,500,17,USD,8480,25000
Helmand PW,Helmand,W2,OHPM,UNICEF,Mebendazole 500mg tab,Medicine ,Tablet,UNICEF,20IQ151,8/31/2023,200,100,24.4,USD,2441,20000
Helmand PW,Helmand,W2,OHPM,UNICEF,Mebendazole 500mg tab,Medicine ,Tablet,UNICEF,20IQ219,8/31/2023,200,549,24,USD,13176,109800
Helmand PW,Helmand,W2,OHPM,UNICEF,Mebendazole 500mg tab,Medicine ,Tablet,UNICEF,20IQ220,8/31/2023,200,251,24,USD,6024,50200
Helmand PW,Helmand,W2,OHPM,UNICEF,Mebendazole 500mg tab,Medicine ,Tablet,World Bank,201Q219,8/31/2023,200,549,24,USD,13176,109800
Helmand PW,Helmand,W2,OHPM,UNICEF,Mebendazole 500mg tab,Medicine ,Tablet,World Bank,201Q220,8/31/2023,200,251,24,USD,6024,50200
Helmand PW,Helmand,W2,OHPM,UNICEF,Mebendazole 500mg tab,Medicine ,Tablet,World Bank,201Q221,8/31/2023,200,316,24,USD,7584,63200
Helmand PW,Helmand,W2,OHPM,UNICEF,Mebendazole 500mg tab,Medicine ,Tablet,World Bank,20GQ053,9/30/2023,200,179,24,USD,4296,35800
Helmand PW,Helmand,W2,OHPM,UNICEF,Mebendazole 500mg tab,Medicine ,Tablet,World Bank,20IQ148,8/31/2023,200,1366,24.4,USD,33344,273200
Helmand PW,Helmand,W2,OHPM,UNICEF,Mebendazole 500mg tab,Medicine ,Tablet,World Bank,20IQ151,8/31/2023,200,100,24.4,USD,2441,20000
Helmand PW,Helmand,W2,OHPM,UNICEF,"Metoclopramide 5 mg/ml, in 2 ml, injection solution",Medicine ,Ampoule,UNICEF,42509,10/31/2023,10,640,2.85,USD,1824,6400
Helmand PW,Helmand,W2,OHPM,UNICEF,"Metoclopramide 5 mg/ml, in 2 ml, injection solution",Medicine ,Ampoule,World Bank,42509,10/31/2023,1,640,2.85,USD,1824,640
Helmand PW,Helmand,W2,OHPM,UNICEF,"Metoclopramide 5 mg/ml, in 2 ml, injection solution",Medicine ,Ampoule,World Bank,50503,12/16/2023,10,459,3.02,USD,1386,4590
Helmand PW,Helmand,W2,OHPM,UNICEF,"Metronidazole 5 mg /ml, in 100 ml bottle, solution for infusion with set",Medicine ,Bottle,UNICEF,22D08E4Z,3/31/2024,50,120,20.3,USD,2434,6000
Helmand PW,Helmand,W2,OHPM,UNICEF,"Metronidazole 5 mg /ml, in 100 ml bottle, solution for infusion with set",Medicine ,Bottle,World Bank,22D08E4Z,3/31/2024,50,120,20.3,USD,2434,6000
Helmand PW,Helmand,W2,OHPM,UNICEF,Misoprostol 200 mcg tab,Medicine-HII,Tablet,UNICEF,ACE2112119,11/30/2023,4,1750,0.53,USD,928,7000
Helmand PW,Helmand,W2,OHPM,UNICEF,Misoprostol 200 mcg tab,Medicine-HII,Tablet,UNICEF,ACE2207059,6/30/2024,4,1100,0.53,USD,583,4400
Helmand PW,Helmand,W2,OHPM,UNICEF,Misoprostol 200 mcg tab,Medicine-HII,Tablet,World Bank,45220801,7/31/2024,4,1213,0.53,USD,643,4852
Helmand PW,Helmand,W2,OHPM,UNICEF,Misoprostol 200 mcg tab,Medicine-HII,Tablet,World Bank,452208041,7/31/2024,4,327,0.53,USD,173,1308
Helmand PW,Helmand,W2,OHPM,UNICEF,Misoprostol 200 mcg tab,Medicine-HII,Tablet,World Bank,45220805,7/31/2024,4,1446,0.53,USD,766,5784
Helmand PW,Helmand,W2,OHPM,UNICEF,Misoprostol 200 mcg tab,Medicine-HII,Tablet,World Bank,ACE2106073,5/10/2023,4,434,0.5,USD,217,1736
Helmand PW,Helmand,W2,OHPM,UNICEF,Misoprostol 200 mcg tab,Medicine-HII,Tablet,World Bank,ACE2112119,11/30/2023,4,1750,0.53,USD,928,7000
Helmand PW,Helmand,W2,OHPM,UNICEF,Multi-micronutrient Sach pwd,Medicine ,Sachet,World Bank,X0920344,10/31/2023,30,1178,0.47,USD,554,35340
Helmand PW,Helmand,W2,OHPM,UNICEF,Multi-micronutrient tab For Pregnant & Lactation Women  tab,Medicine ,Tablet,World Bank,TG0300B,6/30/2023,100,6000,2.25,USD,13500,600000
Helmand PW,Helmand,W2,OHPM,UNICEF,Multi-micronutrient tab For Pregnant & Lactation Women  tab,Medicine ,Tablet,World Bank,TJ0361,8/31/2023,100,334,12.2,USD,4071,33400
Helmand PW,Helmand,W2,OHPM,UNICEF,"Neostigmine methylsulfate 2.5mg per milliliter, solution for injection",Medicine ,Ampoule,World Bank,103024,2/29/2024,10,157,9.88,USD,1551,1570
Helmand PW,Helmand,W2,OHPM,UNICEF,"Oral rehydration salts (ORS) 20.5 g per litre, oral pwd +Zinc 20mg 10tabs.kit",Medicine ,Sachet,World Bank,X0521046,5/31/2024,1,900,0.42,USD,378,900
Helmand PW,Helmand,W2,OHPM,UNICEF,"Oral rehydration salts (ORS) 20.5 g per litre, oral pwd +Zinc 20mg 10tabs.kit",Medicine ,Sachet,World Bank,X0521064,7/31/2024,1,5600,0.42,USD,2352,5600
Helmand PW,Helmand,W2,OHPM,UNICEF,"Paracetamol (Acetaminophen) 120 mg per 5 milliliters, oral syrup, 60ml",Medicine ,Bottle,World Bank,2H01966,7/31/2024,1,15095,0.23,USD,3472,44985
Helmand PW,Helmand,W2,OHPM,UNICEF,"Penicillin benzyl benzathine 2.4 MU per vial, injection vial",Medicine ,Vial,World Bank,J2103202,2/29/2024,50,45,23.8,USD,1071,2250
Helmand PW,Helmand,W2,OHPM,UNICEF,Permethrin Shampoo 1% Solution,Medicine ,Bottle,World Bank,B859A,9/30/2023,1,1958,1,USD,1958,1958
Helmand PW,Helmand,W2,OHPM,UNICEF,Phenoxy Methyl Penicillin (Penicillin V) 250mg tab,Medicine ,Tablet,World Bank,203131662,9/30/2023,100,536,1.93,USD,1034,107200
Helmand PW,Helmand,W2,OHPM,UNICEF,"Phytomenadione (vit K) 10 mg/ml, in 1 ml, injection solution",Medicine ,Ampoule,World Bank,F4083F02,5/31/2024,10,103,14.9,USD,1531,1030
Helmand PW,Helmand,W2,OHPM,UNICEF,"Propofol 10 mg per milliliter, in 20 ml, solution for infusion",Medicine ,Ampoule,World Bank,22136051,3/31/2024,5,9,7.66,USD,68.9,45
Helmand PW,Helmand,W2,OHPM,UNICEF,"Propofol 10 mg per milliliter, in 20 ml, solution for infusion",Medicine ,Ampoule,World Bank,22136051,3/31/2024,5,110,7.57,USD,833,550
Helmand PW,Helmand,W2,OHPM,UNICEF,"Salbutamol 0.1 mg per dose, in 200 dose bottle, inhalation solution",Medicine ,Inhaler,World Bank,008P177A,10/31/2023,1,359,1.28,USD,460,359
Helmand PW,Helmand,W2,OHPM,UNICEF,"Silver sulfadiazine 1%, topical cream 50g",Medicine ,Tube,World Bank,5149866,8/31/2023,1,417,0.54,USD,225,417
Helmand PW,Helmand,W2,OHPM,UNICEF,Sulfamethoxazole 800 mg + trimethoprim 160 mg  (co-trimoxazole) per tablet,Medicine ,Tablet,World Bank,MG20749,10/31/2023,100,261,2.13,USD,556,26100
Helmand PW,Helmand,W2,OHPM,UNICEF,"Suxamethonium 50 mg/ml, in 2 ml ampoule, injection solution",Medicine ,Vial,World Bank,141,1/31/2024,20,32,7.59,USD,243,640
Helmand PW,Helmand,W2,OHPM,UNICEF,"Suxamethonium 50 mg/ml, in 2 ml ampoule, injection solution",Medicine ,Vial,World Bank,141135,1/31/2024,20,32,7.66,USD,245,640
Herat PW,Herat,W1,OHPM,OHPM CW,Bandage elastic 10cmx5m,Medical Supply,Each,World Bank,wy/cb-022,5/31/2024,1,3000,0,AFN,0,3000
Herat PW,Herat,W1,OHPM,OHPM CW,Depot Medroxy Progesterone Acetate (104 mg/0.65-ml) ( DMPA-SC)(Sayana Press),Medicine-HII,Injection,World Bank,FD2880,4/30/2024,1,6000,0,AFN,0,6000
Herat PW,Herat,W1,OHPM,OHPM CW,Depot Medroxy Progesterone Acetate 150mg/1ml inj (DMPA)+Syringe,Medicine-FP,Vial,World Bank,18141283,4/30/2024,1,26100,0,AFN,0,26100
Herat PW,Herat,W1,OHPM,OHPM CW,"Digoxin 0.25 mg per milliliter, in 2 ml solution for injection",Medicine ,Ampoule,World Bank,764K,6/30/2024,1,20,0,AFN,0,20
Herat PW,Herat,W1,OHPM,OHPM CW,Ethinylestradiol 0.03 mg + levonorgestrel 0.15 mg per tablet,Medicine ,Cycle,World Bank,KT0A269,1/31/2024,1,83360,0,AFN,0,83360
Herat PW,Herat,W1,OHPM,OHPM CW,Ethinylestradiol 0.03 mg + levonorgestrel 0.15 mg per tablet,Medicine ,Cycle,,KT0A266,1/31/2024,1,18356,0,USD,0,18356
Herat PW,Herat,W1,OHPM,OHPM CW,"Folic acid (vit B9) 5 mg per tablet, oral ingestion tablet",Medicine ,Tablet,World Bank,192001,7/31/2024,1,100000,0,AFN,0,100000
Herat PW,Herat,W1,OHPM,OHPM CW,"Gentamicin 10 mg/ml, in 2 ml ampoule, injection solution",Medicine ,Ampoule,World Bank,111102,2/29/2024,1,26750,0,AFN,0,26750
Herat PW,Herat,W1,OHPM,OHPM CW,"Gentamicin 40 mg/ml, in 2 ml ampoule, injection solution",Medicine ,Ampoule,World Bank,202103115,2/29/2024,1,26430,0,AFN,0,26430
Herat PW,Herat,W1,OHPM,OHPM CW,"Magnesium sulfate 500 mg/ml, in 20 ml ampoule,",Medicine ,Ampoule,World Bank,D621MG-A1,2/29/2024,1,100,0,AFN,0,100
Herat PW,Herat,W1,OHPM,OHPM CW,"Phenobarbital 100 mg per milliliter, in 2 ml, solution for injection",Medicine ,Ampoule,World Bank,U6,4/30/2024,1,300,0,AFN,0,300
Herat PW,Herat,W1,OHPM,OHPM CW,Progesterone only pills(POP)/Levonorgestrel 0.03mg,Medicine-FP,Cycle,World Bank,,2/29/2024,2,350,0,AFN,0,700
Herat PW,Herat,W1,OHPM,OHPM CW,Sulfamethoxazole 400 mg + trimethoprim 80 mg (co-trimoxazole) per tablet,Medicine ,Tablet,World Bank,m121316,2/29/2024,1,100000,0,AFN,0,100000
Herat PW,Herat,W1,OHPM,UNICEF,"Adrenaline (Epinephrine) 0.1% in 1 ml ampoule, injection solution",Medicine ,Ampoule,World Bank,2107443,3/31/2024,10,75,3.85,USD,289,750
Herat PW,Herat,W1,OHPM,UNICEF,"Adrenaline (Epinephrine) 0.1% in 1 ml ampoule, injection solution",Medicine ,Ampoule,World Bank,2107443,3/31/2024,10,326,3.85,USD,1255,3260
Herat PW,Herat,W1,OHPM,UNICEF,"Albendazole 400 mg per tablet, oral chewable tablet",Medicine ,Tablet,World Bank,1MG96,6/30/2024,100,390,3.25,USD,1268,39000
Herat PW,Herat,W1,OHPM,UNICEF,"Atracurium Besylate 10 mg per milliliter, solution for injection",Medicine ,Ampoule,World Bank,204017,1/31/2024,10,221,22.2,USD,4906,2210
Herat PW,Herat,W1,OHPM,UNICEF,"AWD, Periphery Kit Drug",Others,Each,World Bank,100027030,4/30/2024,1,6,852,USD,5110,6
Herat PW,Herat,W1,OHPM,UNICEF,"AWD, Periphery Kit Drug",Others,Each,World Bank,100027030,6/30/2024,1,3,852,USD,2555,3
Herat PW,Herat,W1,OHPM,UNICEF,"AWD, Periphery kit, Logistic Part",Others,Each,World Bank,100025728,5/31/2024,1,2,1112,USD,2224,2
Herat PW,Herat,W1,OHPM,UNICEF,"AWD, Periphery kit, Logistic Part",Others,Each,World Bank,100025728,5/31/2024,1,10,1045,USD,10454,10
Herat PW,Herat,W1,OHPM,UNICEF,"AWD, Periphery kit, Renewable",Others,Each,World Bank,ACE2106073,3/31/2024,1,18,544,USD,9796,18
Herat PW,Herat,W1,OHPM,UNICEF,"Blood Collection, neionates,set box/100",Lab/Equipment/ Reagent/Supply,Box,World Bank,,5/31/2023,100,100,98,USD,9800,10000
Herat PW,Herat,W1,OHPM,UNICEF,Bupivacaine 0.5% in 10 ml solution for injection,Medicine ,Vial,World Bank,22372410,7/31/2024,20,73,17.3,USD,1263,1460
Herat PW,Herat,W1,OHPM,UNICEF,"Calcium gluconate 10% in 10 ml ampoule, injection ampoule",Medicine ,Ampoule,World Bank,2103936,5/31/2024,10,27,4.85,USD,131,270
Herat PW,Herat,W1,OHPM,UNICEF,"Catheter,Foley,CH10,Sterile,disposible",Medical Supply,Each,World Bank,201907,6/30/2024,1,16,0.37,USD,5.92,16
Herat PW,Herat,W1,OHPM,UNICEF,"Catheter,Foley,CH12,Sterile,disposible",Medical Supply,Each,World Bank,R21B501,1/31/2024,1,16,0.31,USD,4.96,16
Herat PW,Herat,W1,OHPM,UNICEF,"Ceftriaxone 1 g per vial, injection powder",Medicine ,Vial,World Bank,18U2758,7/31/2024,10,1112,7.3,USD,8118,11120
Herat PW,Herat,W1,OHPM,UNICEF,"Ceftriaxone 1 g per vial, injection powder",Medicine ,Vial,World Bank,18X2029,3/31/2024,10,416,7.3,USD,3037,4160
Herat PW,Herat,W1,OHPM,UNICEF,Chlorhexidine 5% 100ml,Medicine ,Bottle,World Bank,S2000481,8/31/2023,1,36,0.5,USD,18,36
Herat PW,Herat,W1,OHPM,UNICEF,Clean Delivery Kit,Medical Supply,Each,World Bank,1235,5/31/2024,1,1360,2.26,USD,3074,1360
Herat PW,Herat,W1,OHPM,UNICEF,"Coverall, protection, Catlll type 6b L",Medical Supply,Each,World Bank,20200730,7/31/2024,1,650,7.66,USD,4979,650
Herat PW,Herat,W1,OHPM,UNICEF,"Coverall, protection, Catlll type 6b M",Medical Supply,Each,World Bank,,5/31/2023,1,300,11.9,USD,3564,300
Herat PW,Herat,W1,OHPM,UNICEF,"Coverall, protection, Catlll type 6b M",Medical Supply,Each,World Bank,20200630,6/30/2024,1,400,7.82,USD,3128,400
Herat PW,Herat,W1,OHPM,UNICEF,"Coverall, protection, Catlll type 6b XL",Medical Supply,Each,World Bank,20200630,6/30/2024,1,1250,7.61,USD,9513,1250
Herat PW,Herat,W1,OHPM,UNICEF,"Dexamethasone 4 mg per milliliter, in 1 milliliter solution for injection",Medicine ,Ampoule,World Bank,1EB33335,7/31/2024,50,33,14.9,USD,491,1650
Herat PW,Herat,W1,OHPM,UNICEF,"Digoxin 0.25 mg per tablet, oral ingestion tablet",Medicine ,Tablet,World Bank,G021001,1/31/2024,28,30,1.47,USD,44.1,840
Herat PW,Herat,W1,OHPM,UNICEF,"Dopamine 40 mg per milliliter, in 5 ml solution for injection",Medicine ,Ampoule,World Bank,136335,4/30/2024,10,3,23.7,USD,71,30
Herat PW,Herat,W1,OHPM,UNICEF,"Fluoxetine 20 mg per capsule, oral ingestion capsule",Medicine ,Tablet,World Bank,UFL243,7/31/2023,100,800,1.17,USD,936,80000
Herat PW,Herat,W1,OHPM,UNICEF,"Fluoxetine 20 mg per capsule, oral ingestion capsule",Medicine ,Tablet,World Bank,UFL244,7/31/2023,100,550,1.17,USD,644,110000
Herat PW,Herat,W1,OHPM,UNICEF,"Furosemide 10 mg/ml, in 2 ml ampoule, injection solution",Medicine ,Ampoule,World Bank,20N04,12/31/2023,10,2600,1.94,USD,5044,52000
Herat PW,Herat,W1,OHPM,UNICEF,"Gentamicin 10 mg/ml, in 2 ml ampoule, injection solution",Medicine ,Ampoule,World Bank,1EB05145,3/31/2024,50,340,3.44,USD,1170,17000
Herat PW,Herat,W1,OHPM,UNICEF,"Glucose 5% in 500 ml bottle, injection solution",Medicine ,Bottle,World Bank,22115E5G,7/31/2024,20,479,10.1,USD,4828,9580
Herat PW,Herat,W1,OHPM,UNICEF,Glyceryl Trinitrate 500mcg tab,Medicine ,Tablet,World Bank,GF943,3/31/2024,100,54,3.92,USD,212,5400
Herat PW,Herat,W1,OHPM,UNICEF,"Goggles, protective, indirect-side-venti",Medical Supply,Each,World Bank,20200428,4/30/2024,1,1250,2.78,USD,3475,1250
Herat PW,Herat,W1,OHPM,UNICEF,"Gown, isolation, nonwoven disp. L",Medical Supply,Each,World Bank,20200715,7/31/2024,1,2500,3.35,USD,8375,2500
Herat PW,Herat,W1,OHPM,UNICEF,"Gown, isolation, nonwoven disp. XL",Medical Supply,Each,World Bank,20200715,7/31/2024,1,1500,3.35,USD,5025,1500
Herat PW,Herat,W1,OHPM,UNICEF,"Haloperidol 5 mg/ml, in 1 ml, injection solution",Medicine ,Ampoule,World Bank,207714,1/31/2024,10,67,4.52,USD,303,670
Herat PW,Herat,W1,OHPM,UNICEF,Hygien kit ,Medical Supply,Kit,World Bank,7420220869,5/31/2024,1,200,0,USD,0,200
Herat PW,Herat,W1,OHPM,UNICEF,"Ibuprofen 200 mg per tablet, oral ingestion tablet",Medicine ,Tablet,World Bank,IB21H035,7/31/2024,100,4709,0.91,USD,4285,470900
Herat PW,Herat,W1,OHPM,UNICEF,"Ibuprofen 200 mg per tablet, oral ingestion tablet",Medicine ,Tablet,World Bank,UBN1113,7/31/2024,100,491,0.91,USD,447,49100
Herat PW,Herat,W1,OHPM,UNICEF,Mebendazole 500mg tab,Medicine ,Tablet,World Bank,201Q151,8/31/2023,200,150,24.4,USD,3662,30000
Herat PW,Herat,W1,OHPM,UNICEF,Mebendazole 500mg tab,Medicine ,Tablet,World Bank,201Q221,8/31/2023,200,1250,24,USD,30000,250000
Herat PW,Herat,W1,OHPM,UNICEF,Mebendazole 500mg tab,Medicine ,Tablet,World Bank,20JQ052,9/30/2023,200,748,24,USD,17952,149600
Herat PW,Herat,W1,OHPM,UNICEF,"Metoclopramide 5 mg/ml, in 2 ml, injection solution",Medicine ,Ampoule,World Bank,42509,10/31/2023,10,950,2.85,USD,2708,9500
Herat PW,Herat,W1,OHPM,UNICEF,"Metronidazole 5 mg /ml, in 100 ml bottle, solution for infusion with set",Medicine ,Bottle,World Bank,22D08E4Z,3/31/2024,50,180,20.3,USD,3649,9000
Herat PW,Herat,W1,OHPM,UNICEF,Misoprostol 200 mcg tab,Medicine-HII,Tablet,UNFPA,ACE2106073,5/31/2023,1,400,0.53,USD,212,400
Herat PW,Herat,W1,OHPM,UNICEF,Misoprostol 200 mcg tab,Medicine-HII,Tablet,World Bank,45220801,6/30/2024,4,1833,0.53,USD,971,7332
Herat PW,Herat,W1,OHPM,UNICEF,Misoprostol 200 mcg tab,Medicine-HII,Tablet,World Bank,45220805,7/31/2024,4,1775,0.53,USD,941,7100
Herat PW,Herat,W1,OHPM,UNICEF,Misoprostol 200 mcg tab,Medicine-HII,Tablet,World Bank,ACE2106073,5/31/2024,4,400,0.53,USD,212,1600
Herat PW,Herat,W1,OHPM,UNICEF,Misoprostol 200 mcg tab,Medicine-HII,Tablet,World Bank,ACE2112119,11/30/2023,4,2700,0.53,USD,1431,10800
Herat PW,Herat,W1,OHPM,UNICEF,"Neostigmine methylsulfate 2.5mg per milliliter, solution for injection",Medicine ,Ampoule,World Bank,103024,1/31/2024,10,238,9.88,USD,2351,2380
Herat PW,Herat,W1,OHPM,UNICEF,"Paracetamol (Acetaminophen) 120 mg per 5 milliliters, oral syrup, 60ml",Medicine ,Bottle,World Bank,2HO1967,6/30/2024,1,22924,0.23,USD,5273,22924
Herat PW,Herat,W1,OHPM,UNICEF,"Paracetamol (Acetaminophen) 120 mg per 5 milliliters, oral syrup, 60ml",Medicine ,Bottle,World Bank,2j00147,7/31/2024,1,16000,0.23,USD,3680,16000
Herat PW,Herat,W1,OHPM,UNICEF,"Penicillin benzyl benzathine 2.4 MU per vial, injection vial",Medicine ,Vial,World Bank,J2103202,2/29/2024,50,68,23.8,USD,1618,3400
Herat PW,Herat,W1,OHPM,UNICEF,Permethrin Shampoo 1% Solution,Medicine ,Bottle,World Bank,B860A,8/31/2023,1,2958,1,USD,2958,2958
Herat PW,Herat,W1,OHPM,UNICEF,Phenoxy Methyl Penicillin (Penicillin V) 250mg tab,Medicine ,Tablet,World Bank,203131662,8/31/2023,100,816,1.93,USD,1575,81600
Herat PW,Herat,W1,OHPM,UNICEF,"Phytomenadione (vit K) 10 mg/ml, in 1 ml, injection solution",Medicine ,Ampoule,World Bank,F4083F02,5/31/2024,10,155,14.9,USD,2303,1550
Herat PW,Herat,W1,OHPM,UNICEF,"Propofol 10 mg per milliliter, in 20 ml, solution for infusion",Medicine ,Ampoule,World Bank,22136051,3/31/2024,5,13,7.61,USD,98.9,65
Herat PW,Herat,W1,OHPM,UNICEF,"Propofol 10 mg per milliliter, in 20 ml, solution for infusion",Medicine ,Ampoule,World Bank,22136051,3/31/2024,5,112,7.56,USD,847,560
Herat PW,Herat,W1,OHPM,UNICEF,Retinol 200000IU capsule,Medicine ,Capsule,World Bank,4839070,5/31/2024,500,20,12.8,USD,255,10000
Herat PW,Herat,W1,OHPM,UNICEF,Retinol 200000IU capsule,Medicine ,Capsule,World Bank,4839070,5/31/2024,500,204,10.5,USD,2150,102000
Herat PW,Herat,W1,OHPM,UNICEF,Sodium Chloride 0.9% 500ml,Medicine ,Bottle,World Bank,22112E6D,7/31/2024,20,593,9.72,USD,5764,11860
Herat PW,Herat,W1,OHPM,UNICEF,Sulfamethoxazole 100 mg + trimethoprim 20 mg (co-trimoxazole) per tablet,Medicine ,Tablet,World Bank,MG21617,6/30/2024,100,19,0.79,USD,15,1900
Herat PW,Herat,W1,OHPM,UNICEF,"Suxamethonium 50 mg/ml, in 2 ml ampoule, injection solution",Medicine ,Vial,World Bank,141135,12/31/2023,10,96,7.6,USD,730,960
Kabul PW,Kabul,W1,AKHS,UNICEF,"Calcium gluconate 10% in 10 ml ampoule, injection ampoule",Medicine ,Ampoule,World Bank,2103936,5/31/2024,10,40,4.85,USD,194,400
Kandahar PW,Kandahar,W1,JACK,Afghan Family Guidance Association,Artemether 40mg+Lumefantrine 240mg per tablet,Medicine ,Tablet,UNICEF,NA132003G,9/30/2023,6,120,0,USD,0,720
Kandahar PW,Kandahar,W1,JACK,BARAN CW,F-75 Therap.Milk CAN 400g CAR-24,Nutration,Pack,,68840,6/30/2024,1,30,0,AFN,0,30
Kandahar PW,Kandahar,W1,JACK,BARAN CW,F-75 Therap.Milk CAN 400g CAR-24,Nutration,Pack,,68840,6/30/2024,1,30,0,USD,0,6
Kandahar PW,Kandahar,W1,JACK,UNICEF,Glyceryl Trinitrate 500mcg tab,Medicine ,Tablet,UNICEF,GF943,3/31/2024,1,1300,0.04,AFN,52,1300
Kandahar PW,Kandahar,W1,JACK,UNICEF,Glyceryl Trinitrate 500mcg tab,Medicine ,Tablet,UNICEF,GF943,3/31/2024,1,1300,0.04,USD,52,5200
Kandahar PW,Kandahar,W1,JACK,UNICEF,"Penicillin benzyl benzathine 2.4 MU per vial, injection vial",Medicine ,Vial,UNICEF,J2103201,2/29/2024,50,30,23.8,USD,714,1500
Kandahar PW,Kandahar,W1,JACK,UNICEF,"Penicillin benzyl benzathine 2.4 MU per vial, injection vial",Medicine ,Vial,UNICEF,J2104201,3/31/2024,50,14,23.8,USD,333,1400
Kandahar PW,Kandahar,W1,JACK,UNICEF,"Propofol 10 mg per milliliter, in 20 ml, solution for infusion",Medicine ,Ampoule,UNICEF,22136051,3/31/2024,5,14.8,7.57,AFN,112,74
Kandahar PW,Kandahar,W1,JACK,UNICEF,"Propofol 10 mg per milliliter, in 20 ml, solution for infusion",Medicine ,Ampoule,UNICEF,22136051,3/31/2024,5,14.8,7.57,USD,112,148
Nangarhar PW,Nangarhar,W1,JACK,JACK CW,"Miconazole 2%, vaginal cream",Medicine ,Tube,,,7/31/2024,1,29,0,USD,0,29
Nangarhar PW,Nangarhar,W1,JACK,JACK CW,Povidone iodine sol 10%/Bot 200ml,Medical Supply,Bottle,,,6/30/2024,1,1000,0,USD,0,1000
Nangarhar PW,Nangarhar,W1,JACK,UNICEF,"Albendazole 400 mg per tablet, oral chewable tablet",Medicine ,Tablet,UNICEF,1MG96,6/30/2024,100,219,3.25,USD,713,43860
Nangarhar PW,Nangarhar,W1,JACK,UNICEF,"Atracurium Besylate 10 mg per milliliter, solution for injection",Medicine ,Ampoule,,204017,2/29/2024,10,385,22.2,USD,8547,7700
Nangarhar PW,Nangarhar,W1,JACK,UNICEF,"AWD, Periphery Kit Drug",Others,Each,UNICEF,100027030,6/30/2024,1,3,612,USD,1835,6
Nangarhar PW,Nangarhar,W1,JACK,UNICEF,"AWD, Periphery Kit Drug",Others,Each,UNICEF,100027030,6/30/2024,1,8,626,USD,5011,8
Nangarhar PW,Nangarhar,W1,JACK,UNICEF,"AWD, Periphery kit, Logistic Part",Others,Each,UNICEF,100025728,5/31/2024,1,4,1112,USD,4447,8
Nangarhar PW,Nangarhar,W1,JACK,UNICEF,"Furosemide 10 mg/ml, in 2 ml ampoule, injection solution",Medicine ,Ampoule,UNICEF,21G28,7/31/2024,10,728,1.94,AFN,1412,7280
Nangarhar PW,Nangarhar,W1,JACK,UNICEF,"Furosemide 10 mg/ml, in 2 ml ampoule, injection solution",Medicine ,Ampoule,UNICEF,21G28,7/31/2024,10,728,1.94,USD,1412,14560
Nangarhar PW,Nangarhar,W1,JACK,UNICEF,"Gentamicin 10 mg/ml, in 2 ml ampoule, injection solution",Medicine ,Ampoule,UNICEF,1EB05145,3/31/2024,50,177,3.44,USD,608,17680
Nangarhar PW,Nangarhar,W1,JACK,UNICEF,"Gentamicin 10 mg/ml, in 2 ml ampoule, injection solution",Medicine ,Ampoule,,5145,4/30/2024,50,6,3.5,USD,21,300
Nangarhar PW,Nangarhar,W1,JACK,UNICEF,"Haloperidol 5 mg/ml, in 1 ml, injection solution",Medicine ,Ampoule,UNICEF,207714,1/31/2024,10,11,4.51,USD,49.6,220
Nangarhar PW,Nangarhar,W1,JACK,UNICEF,Mebendazole 500mg tab,Medicine ,Tablet,UNICEF,20JQ053,9/30/2023,200,8.84,24,USD,212,3536
Nangarhar PW,Nangarhar,W1,JACK,UNICEF,Retinol 100000IU capsule,Medicine ,Capsule,UNICEF,AS3544A,11/30/2023,100,6,1.54,USD,9.24,1200
Nangarhar PW,Nangarhar,W1,JACK,UNICEF,Retinol 200000IU capsule,Medicine ,Capsule,UNICEF,AS3841A,5/31/2024,100,400,1.75,USD,700,40000
